{"job_id": "dummy_causal", "model_id": "dummy_causal", "job_type": "next-token", "trained_causally": true, "trained_acausally": false, "train_loss": [6.9029927253723145, 7.30920934677124, 7.259917736053467, 7.236876169840495, 6.2871425946553545], "train_ppl": [995.2487693660622, 1493.9954897380537, 1422.1395415777738, 1389.745853001799, 537.6149484158153], "train_tokens": {"3": [6336, 6336, 6336, 6336, 6336], "4": [0, 0, 0, 0, 0], "5": [6336, 0, 0, 0, 12672], "6": [6336, 12672, 12672, 12672, 0]}, "val_loss": [7.2372361818949384, 7.2044722239176435, 7.181101163228353, 4.837893644968669, 6.690181414286296], "val_ppl": [1390.2462683338636, 1345.4344135201045, 1314.354780824412, 126.203242733189, 804.4681809276892], "val_tokens": {"3": [0, 0, 0, 12672, 6336], "4": [6336, 0, 6336, 6336, 0], "5": [6336, 19008, 6336, 0, 6336], "6": [6336, 0, 6336, 0, 6336]}}