{"job_id": "dummy_acausal", "model_id": "dummy_acausal", "job_type": "patch", "trained_causally": false, "trained_acausally": true, "train_loss": [7.069513334333091, 6.966079664954489, 6.22841499000337, 7.294872781405788, 8.677045421342768], "train_ppl": [1175.5757826406011, 1060.0588081505389, 506.95132344782127, 1472.7295303958817, 5866.687370079722], "train_tokens": {"3": [0, 0, 2512, 0, 0], "4": [4822, 2122, 2079, 2195, 0], "5": [0, 4397, 0, 2208, 0], "6": [2574, 0, 2021, 2091, 7331]}, "val_loss": [5.916781561032455, 6.698608513200322, 5.427318953072753, 6.237876613204922, 7.189683257006613], "val_ppl": [371.2150562220349, 811.2761593256697, 227.53838582813293, 511.77066931595834, 1325.6832382227046], "val_tokens": {"3": [4689, 0, 4461, 2342, 0], "4": [0, 4887, 0, 0, 1965], "5": [0, 0, 2512, 4463, 2219], "6": [2494, 2164, 0, 0, 2101]}}